{
  "Tasks": [
    {
      "id": 1,
      "taskName": "yash",
      "complete": true
    },
    {
      "id": 2,
      "taskName": "aoaj",
      "complete": true
    },
    {
      "id": 3,
      "taskName": "pri",
      "complete": true
    },
    {
      "id": 4
    },
    {
      "complete": false,
      "taskName": "dsadsa",
      "id": 5
    },
    {
      "complete": false,
      "taskName": "dsadsa",
      "id": 6
    },
    {
      "complete": false,
      "taskName": "dsad",
      "id": 7
    },
    {
      "complete": false,
      "taskName": "sdassadas",
      "id": 8
    },
    {
      "complete": false,
      "taskName": "dsadasdsadasd",
      "id": 9
    }
  ]
}